{"Same": [2.775937557220459, 2.993438959121704, 3.3220009803771973, 3.619758367538452], "Different": [2.372516632080078, 2.509415626525879, 2.5457565784454346, 2.554611921310425, 2.5640227794647217, 2.626812696456909, 2.8183236122131348, 2.8633975982666016, 2.962190866470337, 2.996737003326416, 3.0001699924468994, 3.0249829292297363, 3.0752320289611816, 3.113662004470825, 3.1193323135375977, 3.119791269302368, 3.1267364025115967, 3.137862205505371, 3.16560435295105, 3.177053213119507, 3.1796696186065674, 3.1985085010528564, 3.2145278453826904, 3.2480170726776123, 3.2520906925201416, 3.254793643951416, 3.255953311920166, 3.2768518924713135, 3.2787461280822754, 3.2811172008514404, 3.2862768173217773, 3.296444892883301, 3.301093816757202, 3.307440757751465, 3.3144824504852295, 3.332078218460083, 3.3365354537963867, 3.3380305767059326, 3.3445820808410645, 3.3490047454833984, 3.351088762283325, 3.353548049926758, 3.3662314414978027, 3.3770318031311035, 3.377129316329956, 3.3836076259613037, 3.3842875957489014, 3.3861477375030518, 3.392664909362793, 3.422863483428955, 3.4434890747070312, 3.4478065967559814, 3.4491183757781982, 3.451967239379883, 3.4601995944976807, 3.4795913696289062, 3.4876832962036133, 3.4907281398773193, 3.4990017414093018, 3.5121757984161377, 3.5129241943359375, 3.526362419128418, 3.527578592300415, 3.5444490909576416, 3.5553395748138428, 3.5571770668029785, 3.5582151412963867, 3.59120774269104, 3.603341579437256, 3.6094470024108887, 3.6336581707000732, 3.6348912715911865, 3.640385150909424, 3.644155740737915, 3.648667097091675, 3.6628201007843018, 3.671905517578125, 3.679246425628662, 3.682629346847534, 3.6939873695373535, 3.701032876968384, 3.7107529640197754, 3.7156879901885986, 3.7177038192749023, 3.7190375328063965, 3.7260637283325195, 3.7312560081481934, 3.7332353591918945, 3.7379515171051025, 3.748847723007202, 3.7553699016571045, 3.7575345039367676, 3.7672550678253174, 3.777613401412964, 3.794055223464966, 3.803209066390991, 3.809014320373535, 3.8111162185668945, 3.8112947940826416, 3.831657886505127, 3.8329126834869385, 3.8366329669952393, 3.852086067199707, 3.8526742458343506, 3.8574719429016113, 3.8653109073638916, 3.867988348007202, 3.878038167953491, 3.900219202041626, 3.901926279067993, 3.904128313064575, 3.909036636352539, 3.9312894344329834, 3.9383649826049805, 3.9427175521850586, 3.9438767433166504, 3.9532299041748047, 3.964048147201538, 3.9652323722839355, 3.9806835651397705, 3.9880573749542236, 3.9991557598114014, 4.000628471374512, 4.028635501861572, 4.032455921173096, 4.034963130950928, 4.041683673858643, 4.0492167472839355, 4.058579921722412, 4.074089050292969, 4.082580089569092, 4.084224224090576, 4.085033893585205, 4.106246471405029, 4.120222568511963, 4.124411106109619, 4.124789714813232, 4.13021183013916, 4.134890079498291, 4.159617900848389, 4.1637067794799805, 4.168994426727295, 4.17310094833374, 4.183541297912598, 4.197065830230713, 4.203013896942139, 4.2046403884887695, 4.215079307556152, 4.221682548522949, 4.222530841827393, 4.226816177368164, 4.232021808624268, 4.232110023498535, 4.23739767074585, 4.249510765075684, 4.264805316925049, 4.26712703704834, 4.2683305740356445, 4.275038719177246, 4.278450965881348, 4.291500091552734, 4.315713405609131, 4.32036018371582, 4.337723731994629, 4.345627307891846, 4.3461995124816895, 4.348217010498047, 4.349843978881836, 4.352443695068359, 4.364493370056152, 4.3695783615112305, 4.389045238494873, 4.394567012786865, 4.396615982055664, 4.398070812225342, 4.401420593261719, 4.404426574707031, 4.405183792114258, 4.40875768661499, 4.422216892242432, 4.4354143142700195, 4.44858980178833, 4.448756217956543, 4.4515204429626465, 4.456287384033203, 4.481327533721924, 4.487471103668213, 4.501407623291016, 4.504889965057373, 4.519089698791504, 4.545750617980957, 4.547762393951416, 4.5636372566223145, 4.563973426818848, 4.570558071136475, 4.575234889984131, 4.58090353012085, 4.586695671081543, 4.5960693359375, 4.597225189208984, 4.602523326873779, 4.60703706741333, 4.614335060119629, 4.626803874969482, 4.641051769256592, 4.641394138336182, 4.644375801086426, 4.647765159606934, 4.648179054260254, 4.668878555297852, 4.671133995056152, 4.677872657775879, 4.697983741760254, 4.708261489868164, 4.716989994049072, 4.720091819763184, 4.720403671264648, 4.723952293395996, 4.728944778442383, 4.7345194816589355, 4.742226600646973, 4.742827415466309, 4.762096405029297, 4.773047924041748, 4.786444187164307, 4.787596225738525, 4.799619197845459, 4.817978858947754, 4.827599048614502, 4.839588642120361, 4.8411641120910645, 4.841294765472412, 4.841605186462402, 4.846087455749512, 4.850088119506836, 4.850510597229004, 4.852083683013916, 4.856457233428955, 4.857332706451416, 4.860406398773193, 4.863623142242432, 4.865325927734375, 4.8709917068481445, 4.872308731079102, 4.872665882110596, 4.881397724151611, 4.882199764251709, 4.882903099060059, 4.88431453704834, 4.892836570739746, 4.893613815307617, 4.89846658706665, 4.912872314453125, 4.913053035736084, 4.921785831451416, 4.923479080200195, 4.924978733062744, 4.927295684814453, 4.930790424346924, 4.930849075317383, 4.939610004425049, 4.947004795074463, 4.951462745666504, 4.960434436798096, 4.96262788772583, 4.96427059173584, 4.97228479385376, 4.976626873016357, 4.97841215133667, 4.982609748840332, 4.983775615692139, 4.986224174499512, 4.986621856689453, 4.987721920013428, 4.989126205444336, 4.993737697601318, 4.997313976287842, 4.99955940246582, 5.002740383148193, 5.008161544799805, 5.0107197761535645, 5.015387058258057, 5.017444133758545, 5.019809246063232, 5.051803112030029, 5.054351806640625, 5.06453275680542, 5.065792083740234, 5.068005084991455, 5.070806980133057, 5.0753583908081055, 5.076686382293701, 5.079684734344482, 5.090256690979004, 5.094885349273682, 5.09609842300415, 5.111032962799072, 5.117546558380127, 5.127956390380859, 5.132725715637207, 5.135379314422607, 5.136141300201416, 5.142501354217529, 5.147027492523193, 5.150514125823975, 5.15897274017334, 5.167932033538818, 5.171001434326172, 5.177055835723877, 5.182291030883789, 5.192777633666992, 5.196375846862793, 5.2062602043151855, 5.207832336425781, 5.210519313812256, 5.211038589477539, 5.219612121582031, 5.224063396453857, 5.224457740783691, 5.2269978523254395, 5.235307216644287, 5.238672733306885, 5.242431163787842, 5.243005275726318, 5.248327732086182, 5.250545024871826, 5.250766277313232, 5.251142978668213, 5.25128698348999, 5.255548000335693, 5.259725093841553, 5.260039329528809, 5.26997184753418, 5.272809982299805, 5.292093276977539, 5.2966132164001465, 5.297887802124023, 5.299790382385254, 5.30277156829834, 5.3034844398498535, 5.306083679199219, 5.314196586608887, 5.317723274230957, 5.321346759796143, 5.322798728942871, 5.326411247253418, 5.335840225219727, 5.336785316467285, 5.343315601348877, 5.350632667541504, 5.350940704345703, 5.357007026672363, 5.362123012542725, 5.367753982543945, 5.373819828033447, 5.376727104187012, 5.378722667694092, 5.382595062255859, 5.384214401245117, 5.385725975036621, 5.390170097351074, 5.390216827392578, 5.390228271484375, 5.390365123748779, 5.39064884185791, 5.390747547149658, 5.399421691894531, 5.401909828186035, 5.403961658477783, 5.407983303070068, 5.411031246185303, 5.416066646575928, 5.419473648071289, 5.427611827850342, 5.43025016784668, 5.430304527282715, 5.437169551849365, 5.43738317489624, 5.439193248748779, 5.441952705383301, 5.448642253875732, 5.454943656921387, 5.457650184631348, 5.467563152313232, 5.4768500328063965, 5.480491638183594, 5.481553077697754, 5.482137680053711, 5.48438024520874, 5.487327575683594, 5.493980884552002, 5.498101234436035, 5.504576206207275, 5.505146503448486, 5.51149320602417, 5.514352321624756, 5.5150251388549805, 5.517055511474609, 5.51986837387085, 5.520814895629883, 5.525970458984375, 5.526796817779541, 5.532365798950195, 5.535067081451416, 5.536338806152344, 5.538177490234375, 5.543647766113281, 5.548731327056885, 5.548916339874268, 5.552027225494385, 5.554637432098389, 5.556458473205566, 